{
  "project_info": {
    "project_number": "575066500569",
    "firebase_url": "https://camaras-8a244-default-rtdb.firebaseio.com",
    "project_id": "camaras-8a244",
    "storage_bucket": "camaras-8a244.appspot.com"
  },
  "client": [
    {
      "client_info": {
        "mobilesdk_app_id": "1:575066500569:android:202481d18f1e36c6e97dc8",
        "android_client_info": {
          "package_name": "com.accmex.app"
        }
      },
      "oauth_client": [
        {
          "client_id": "575066500569-u553str4qkmvbf3d7e9ool8d04q2orm1.apps.googleusercontent.com",
          "client_type": 3
        }
      ],
      "api_key": [
        {
          "current_key": "AIzaSyBqpR9wgcPabAlnVXhRi6MEbGXPVCzMwTI"
        }
      ],
      "services": {
        "appinvite_service": {
          "other_platform_oauth_client": [
            {
              "client_id": "575066500569-u553str4qkmvbf3d7e9ool8d04q2orm1.apps.googleusercontent.com",
              "client_type": 3
            }
          ]
        }
      }
    },
    {
      "client_info": {
        "mobilesdk_app_id": "1:575066500569:android:71161dc25c866a6ae97dc8",
        "android_client_info": {
          "package_name": "com.accmex.camspain"
        }
      },
      "oauth_client": [
        {
          "client_id": "575066500569-u553str4qkmvbf3d7e9ool8d04q2orm1.apps.googleusercontent.com",
          "client_type": 3
        }
      ],
      "api_key": [
        {
          "current_key": "AIzaSyBqpR9wgcPabAlnVXhRi6MEbGXPVCzMwTI"
        }
      ],
      "services": {
        "appinvite_service": {
          "other_platform_oauth_client": [
            {
              "client_id": "575066500569-u553str4qkmvbf3d7e9ool8d04q2orm1.apps.googleusercontent.com",
              "client_type": 3
            }
          ]
        }
      }
    }
  ],
  "configuration_version": "1"
}